Age_num,2025,2026,2027,2028,2029,2030,2031,2032,2033,2034,2035,2036,2037,2038,2039,2040,2041,2042,2043,2044,2045,2046,2047,2048,2049,2050
0,0.005373398842429672,0.0052231214037309175,0.005077046762785338,0.004935057380266289,0.0047970390040605795,0.004662880577335221,0.004532474149175262,0.004405714787720833,0.004282500495733431,0.004162732128523609,0.004046313314173944,0.003933150375993129,0.0038231522571388035,0.003716230447348414,0.0036122989117192235,0.0035112740214801046,0.003413074486699452,0.0033176212908750144,0.0032248376273530813,0.003134648837525813,0.0030469823507570013,0.0029617676259879357,0.002878936094976348,0.002798421107122812,0.0027201578758401707,0.002644083426422852
1,0.0003821107312665344,0.00036964205303555847,0.00035758024099311454,0.00034591201866415863,0.00033462454279910075,0.0003237053892372001,0.0003131425392312522,0.0003029243662185148,0.00029303962302331164,0.0002834774294772332,0.00027422726044329864,0.0002652789342309047,0.0002566226013888046,0.00024824873386378844,0.0002401481145131226,0.00023231182695921223,0.00022473124577531429,0.00021739802699150522,0.00021030409891044504,0.00020344165322283501,0.00019680313641278518,0.00019038124144363754,0.00018416889971508592,0.00017815927328274585,0.00017234574733160588,0.00016672192289508166
2,0.00024944807206045844,0.00024211805702210033,0.00023500343398905478,0.00022809787368154448,0.00022139523280525822,0.0002148895485861791,0.00020857503346601012,0.00020244606995347013,0.00019649720562688687,0.00019072314828363581,0.0001851187612321163,0.00017967905872206941,0.00017439920150917555,0.00016927449254998926,0.00016430037282337486,0.0001594724172747292,0.0001547863308793858,0.0001502379448216926,0.00014582321278636899,0.00014153820735883944,0.0001373791165313459,0.0001333422403117251,0.00012942398743183726,0.0001256208721527191,0.00012192951116361547,0.0001183466205721324
3,0.00020395347432731773,0.00019808104614373273,0.00019237770266382885,0.00018683857543521718,0.00018145893618275812,0.0001762341927724411,0.00017115988529147453,0.00016623168224124486,0.00016144537683988853,0.00015679688343132552,0.00015228223399768714,0.00014789757477216142,0.00014363916294936473,0.00013950336349043184,0.00013548664602009659,0.00013158558181311508,0.0001277968408674588,0.0001241171890617792,0.00012054348539471638,0.00011707267930369859,0.00011370180806093907,0.00011042799424441124,0.00010724844328164158,0.00010416044106422424,0.00010116135163102077,9.824861491806747e-05
4,0.0001641109629709044,0.00015936336193631727,0.00015475310526420007,0.0001502762196902108,0.00014592884689341854,0.00014170724017108046,0.0001376077612096169,0.0001336268769489973,0.00012976115653783732,0.00012600726837658439,0.00012236197724623964,0.00011882214152014373,0.00011538471045642532,0.00011204672156877506,0.000108805298073281,0.00010565764640912707,0.00010260105383101284,9.96328860712256e-05,9.675058506934484e-05,9.395166676762482e-05,9.123371897015641e-05,8.859439926396019e-05,8.60314330002207e-05,8.354261133392349e-05,8.11257893202024e-05,7.877888406575819e-05
5,0.0001534494165583557,0.00014902989520316343,0.00014473766119416664,0.00014056904850801166,0.00013652049670707364,0.00013258854789846442,0.0001287698437806264,0.0001250611227749859,0.00012145921724021826,0.00011796105076674734,0.00011456363554916452,0.00011126406983432533,0.00010805953544294559,0.00010494729536257573,0.00010192469140990305,9.898914196038042e-05,9.613813974324448e-05,9.336924970004139e-05,9.068010690482792e-05,8.806841454427323e-05,8.55319419559376e-05,8.306852272304936e-05,8.067605282415469e-05,7.835248883606093e-05,7.609584618853578e-05,7.39041974692734e-05
6,0.0001272083798947585,0.00012352650317136793,0.00011995119345415618,0.00011647936630340432,0.00011310802655438312,0.00010983426573340743,0.00010665525954868051,0.00010356826545376045,0.00010057062028155077,9.76597379467711e-05,9.483310721492686e-05,9.208828953585326e-05,8.942291693996439e-05,8.683468999539256e-05,8.432137582425557e-05,8.188080617634036e-05,7.951087555854193e-05,7.720953941844174e-05,7.497481238046158e-05,7.28047665330687e-05,7.069752976555574e-05,6.865128415296039e-05,6.666426438773128e-05,6.473475625678733e-05,6.286109516265646e-05,6.104166468741798e-05
7,0.00011755517096523769,0.00011420841504682855,0.00011095694013635326,0.0001077980336157739,0.00010472906009436969,0.00010174745921010142,9.885074349357036e-05,9.603649629278935e-05,9.330236975703521e-05,9.064608287809992e-05,8.806541958730688e-05,8.555822690670451e-05,8.312241315289455e-05,8.075594619199698e-05,7.845685174429532e-05,7.622321173714823e-05,7.405316270479312e-05,7.194489423370671e-05,6.989664745222588e-05,6.79067135631682e-05,6.597343241822857e-05,6.409519113296205e-05,6.227042274119781e-05,6.04976048877614e-05,5.877525855841476e-05,5.710194684595448e-05
8,0.00010989532264320637,0.00010687594636154333,0.00010393952750619303,0.00010108378682013716,9.830650766899165e-05,9.560553432044824e-05,9.29787702709893e-05,9.042417661857457e-05,8.793977048004002e-05,8.552362345197778e-05,8.317386011390426e-05,8.088865657255235e-05,7.866623904616061e-05,7.650488248765839e-05,7.440290924567965e-05,7.235868776236426e-05,7.03706313069383e-05,6.843719674408937e-05,6.655688333617954e-05,6.472823157836894e-05,6.29498220657435e-05,6.12202743915691e-05,5.9538246075815105e-05,5.79024315231178e-05,5.631156100937336e-05,5.4764399696174066e-05
9,0.00010996123841656981,0.00010700419428412104,0.00010412667008185117,0.00010132652738401694,9.860168527076963e-05,9.595011878172258e-05,9.33698574111078e-05,9.085898364339759e-05,8.841563152830841e-05,8.603798529412286e-05,8.37242779983041e-05,8.14727902143954e-05,7.928184875423263e-05,7.714982542451855e-05,7.507513581683365e-05,7.305623813018759e-05,7.109163202523217e-05,6.917985750928848e-05,6.731949385135557e-05,6.550915852629832e-05,6.3747506187426e-05,6.203322766670181e-05,6.0365049001836594e-05,5.8741730489547505e-05,5.7162065764274376e-05,5.562488090167268e-05
10,0.00011395510926934386,0.00011098946092810354,0.00010810099271630429,0.00010528769604368387,0.00010254761459295257,9.987884295940585e-05,9.72795253259378e-05,9.474785417253963e-05,9.22820690193814e-05,8.988045520260455e-05,8.754134268197589e-05,8.526310487956949e-05,8.304415754867418e-05,8.088295767213475e-05,7.877800238936615e-05,7.672782795128929e-05,7.473100870246651e-05,7.278615608972536e-05,7.089191769658262e-05,6.90469763027984e-05,6.725004896840327e-05,6.549988614156508e-05,6.379527078967213e-05,6.21350175530296e-05,6.051797192058201e-05,5.8943009427085483e-05
11,0.0001277142764654051,0.00012451096498535823,0.000121387998512324,0.00011834336184416128,0.0001153750903237457,0.00011248126857120588,0.00010966002924795778,0.00010690955185174113,0.00010422806154187655,0.00010161382799398856,9.906516428345326e-05,9.658042579685285e-05,9.415800917073136e-05,9.179635125696911e-05,8.949392811410679e-05,8.724925402397041e-05,8.506088053295966e-05,8.29273955173834e-05,8.08474222722374e-05,7.881961862283874e-05,7.684267605874061e-05,7.491531888937084e-05,7.303630342084804e-05,7.120441715344578e-05,6.941847799918492e-05,6.767733351904995e-05
12,0.000149298186881133,0.00014568593860126607,0.00014216108815192865,0.0001387215209551102,0.00013536517359471272,0.00013209003257869535,0.00012889413313116994,0.00012577555801371922,0.0001227324363752355,0.00011976294262958608,0.00011686529536043365,0.0001140377562525544,0.00011127862904901279,0.0001085862585335672,0.00010595902953769631,0.00010339536597164995,0.00010089372987894465,9.845262051373351e-05,9.607057344050097e-05,9.374615965553937e-05,9.147798472968133e-05,8.926468797177379e-05,8.710494161239155e-05,8.49974500073007e-05,8.294094886019436e-05,8.093420446423377e-05
13,0.00018567588233972835,0.00018145017517177224,0.00017732063881956367,0.00017328508457824655,0.00016934137355463367,0.00016548741553356955,0.00016172116787008847,0.00015804063440678985,0.00015444386441584816,0.00015092895156510548,0.00014749403290769,0.0001441372878946333,0.00014085693740995526,0.00013765124282771258,0.00013451850509050396,0.0001314570638089506,0.00012846529638166782,0.00012554161713526808,0.00012268447648393303,0.00011989236010811562,0.00011716378815193067,0.00011449731443881446,0.00011189152570503284,0.00010934504085063358,0.00010685651020744776,0.00010442461482374769
14,0.0002261595773730748,0.000221420581980813,0.00021678088849558802,0.00021223841612433693,0.0002077911276753715,0.00020343702864474735,0.00019917416632177562,0.00019500062891327825,0.00019091454468619356,0.0001869140811281495,0.00018299744412562295,0.0001791628771593236,0.0001754086605164361,0.00017173311051936908,0.0001681345787706669,0.00016461145141374016,0.00016116214840909048,0.00015778512282569983,0.00015447886014726797,0.00015124187759298896,0.0001480727234525571,0.00014496997643511034,0.00014193224503181455,0.0001389581668918044,0.00013604640821120203,0.0001331956631349362
15,0.00030012062857561015,0.000294354221230782,0.0002886986075152499,0.0002831516586809808,0.00027771128688092335,0.0002723754443831512,0.000267142122800106,0.0002620093523326491,0.00025697520102863764,0.0002520377740557462,0.00024719521298826187,0.00024244569510757823,0.00023778743271613424,0.00023321867246453196,0.00022873769469158381,0.00022434281277703956,0.00022003237250675002,0.00021580475145002807,0.0002116583583489729,0.00020759163251952767,0.00020360304326404473,0.00019969108929513798,0.00019585429817060482,0.00019209122573920546,0.00018840045559709065,0.00018478059855467368
16,0.00039446919975020427,0.0003880447619739815,0.0003817249544217831,0.0003755080730559701,0.00036939244159134613,0.0003633764110431731,0.0003574583592825485,0.00035163669059902226,0.00034590983527034045,0.00034027624913919255,0.000334734413196854,0.00032928283317360907,0.0003239200391358444,0.0003186445850897043,0.0003134550485912009,0.0003083500303626744,0.0003033281539154997,0.0002983880651789376,0.0002935284321350308,0.0002887479444594458,0.0002840453131681647,0.00027941927026993045,0.00027486856842435294,0.00027039198060558304,0.0002659882997714646,0.0002616563385380726
17,0.0005005592888977662,0.0004932275624051919,0.0004860032242171684,0.0004788847014097786,0.00047187044409783066,0.00046495892509740814,0.0004581486395933631,0.00045143810481167895,0.00044482585969663255,0.00043831046459268504,0.00043189050093103156,0.00042556457092074305,0.00041933129724442916,0.0004131893227583649,0.000407137310197002,0.0004011739418818123,0.00039529791943439696,0.0003895079634937962,0.00038380281343793657,0.00037818122710916465,0.00037264198054379557,0.0003671838677056252,0.00036180570022334506,0.0003565063071318032,0.00035128453461705537,0.0003461392457651497
18,0.0006219517858655413,0.0006140063872084702,0.0006061624905669157,0.0005984187992584089,0.0005907740331655244,0.0005832269285242644,0.0005757762377151434,0.000568420729056946,0.0005611591866031122,0.0005539904099407305,0.0005469132139920965,0.0005399264288188055,0.000533028899428349,0.0005262194855831838,0.0005194970616122345,0.0005128605162248103,0.0005063087523268951,0.0004998406868397883,0.0004934552505210558,0.00048715138778777586,0.00048092805654203786,0.0004747842279986739,0.00046871888651518675,0.00046273102942385465,0.00045681966686597907,0.00045098382162824945
19,0.0007137385767855371,0.0007045957897535881,0.000695570119208586,0.0006866600649218295,0.0006778641458821178,0.0006691809000495805,0.000660608884112659,0.0006521466732482035,0.0006437928608846413,0.0006355460584681788,0.0006274048952319998,0.0006193680179684187,0.0006114340908039533,0.0006036017949772788,0.0005958698286200258,0.0005882369065403863,0.0005807017600094916,0.0005732631365505273,0.0005659197997305484,0.0005586705289549626,0.0005515141192646449,0.0005444493811356525,0.0005374751402815037,0.000530590237457991,0.0005237935282704935,0.0005170838829837582
20,0.0007392511971056429,0.0007296292822725314,0.0007201326039563414,0.0007107595321088506,0.0007015084578981499,0.0006923777934324976,0.0006833659714877668,0.0006744714452384407,0.0006656926879921099,0.0006570281929274231,0.0006484764728354536,0.0006400360598644244,0.000631705505267763,0.0006234833791554322,0.0006153682702484974,0.0006073587856368898,0.0005994535505403207,0.0005916512080723097,0.0005839504190072826,0.0005763498615507014,0.0005688482311121862,0.00056144424008159,0.0005541366176079885,0.0005469241093815451,0.0005398054774182172,0.0005327794998472631
21,0.0007851032587766606,0.0007753297194235626,0.0007656778482337516,0.0007561461305929811,0.0007467330707420275,0.0007374371915419731,0.0007282570342424047,0.0007191911582525008,0.0007102381409149674,0.0007013965772827901,0.0006926650798987604,0.0006840422785777521,0.0006755268201917052,0.000667117368457287,0.000658812603726196,0.0006506112227780798,0.0006425119386160232,0.0006345134802645908,0.0006266145925703782,0.0006188140360050479,0.0006111105864708188,0.0006035030351083727,0.0005959901881071558,0.0005885708665180417,0.000581243906068324,0.000574008156979014
22,0.0008224910866638742,0.0008121147510702536,0.0008018693206525025,0.000791753143944657,0.0007817645903152226,0.0007719020497043287,0.0007621639323642079,0.0007525486686029399,0.0007430547085314338,0.0007336805218135981,0.0007244245974196694,0.0007152854433826459,0.0007062615865577953,0.0006973515723852015,0.000688553964655301,0.0006798673452773804,0.0006712903140509915,0.0006628214884402562,0.0006544595033510125,0.0006462030109107728,0.0006380506802514632,0.000630001197294898,0.0006220532645409639,0.0006142056008584728,0.0006064569412786592,0.0005988060367912775
23,0.0008156536826891991,0.0008054369613613227,0.0007953482127219872,0.0007853858338098806,0.0007755482417420778,0.0007658338734625411,0.000756241185493772,0.0007467686536915755,0.0007374147730028918,0.0007281780572266687,0.0007190570387777223,0.0007100502684535591,0.000701156315204116,0.00069237376590439,0.0006837012251299092,0.0006751373149350212,0.0006666806746339559,0.0006583299605846324,0.0006500838459751702,0.0006419410206130818,0.0006339001907170982,0.0006259600787116063,0.0006181194230236598,0.0006103769778825314,0.0006027315131217802,0.0005951818139837934
24,0.0007979881700718718,0.0007881003955131855,0.0007783351391689174,0.0007686908829307418,0.0007591661275010322,0.0007497593921597747,0.0007404692145343774,0.0007312941503723316,0.0007222327733166839,0.0007132836746842989,0.0007044454632468613,0.0006957167650145968,0.0006870962230226739,0.0006785824971202447,0.0006701742637621104,0.0006618702158029584,0.0006536690622941548,0.0006455695282830556,0.0006375703546147976,0.0006296702977365553,0.0006218681295042127,0.0006141626369914412,0.0006065526223011328,0.0005990369023791778,0.0005916143088305478,0.0005842836877376534
25,0.0008762233351163369,0.0008655776020320131,0.000855061209982516,0.0008446725875304282,0.0008344101823306173,0.0008242724608982678,0.0008142579083797412,0.0008043650283262105,0.000794592342470055,0.000784938390503961,0.0007754017298627172,0.0007659809355076508,0.0007566745997136926,0.0007474813318590195,0.0007383997582172619,0.0007294285217522269,0.0007205662819151247,0.0007118117144442486,0.0007031635111670992,0.0006946203798049025,0.0006861810437795132,0.0006778442420226535,0.0006696087287874799,0.0006614732734624303,0.0006534366603873408,0.0006454976886717884
26,0.0009724587424627379,0.0009610528514148462,0.0009497807391535657,0.0009386408365981768,0.0009276315930715804,0.0009167514760844454,0.0009059989711218876,0.0008953725814326474,0.0008848708278207393,0.0008744922484395498,0.0008642353985883502,0.0008540988505111881,0.0008440811931981494,0.0008341810321889426,0.0008243969893787882,0.000814727702826588,0.0008051718265653435,0.0007957280304147963,0.0007863949997962634,0.0007771714355496536,0.000768056053752618,0.000759047585541833,0.0007501447769363702,0.0007413463886631429,0.0007326511959844024,0.0007240579885272481
27,0.0010082382457965791,0.0009966121179283951,0.0009851200524703316,0.000973760503531099,0.0009625319430452821,0.000951432860567792,0.0009404617630706782,0.0009296171747422926,0.0009188976367887655,0.0009083017072377714,0.0008978279607445574,0.0008874749884002081,0.0008772413975421218,0.0008671258115666747,0.0008571268697440382,0.0008472432270351391,0.0008374735539107268,0.0008278165361725273,0.0008182708747764599,0.0008088352856578922,0.0007995084995589099,0.0007902892618575778,0.000781176332399174,0.0007721684853293613,0.0007632645089292908,0.0007544632054526033
28,0.0010815215695975334,0.0010691854712108885,0.0010569900813664343,0.0010449337951082733,0.0010330150257870261,0.0010212322048510252,0.0010095837816398812,0.000998068223180419,0.0009866840139849255,0.0009754296558517101,0.0009643036676679377,0.0009533045852147045,0.000942430960974344,0.0009316813639399312,0.0009210543794269514,0.0009105486088871288,0.000900162669724368,0.000889895195112801,0.0008797448338169106,0.0008697102500136991,0.0008597901231168908,0.0008499831476031414,0.0008402880328402204,0.0008307035029171657,0.0008212282964763644,0.0008118611665475556
29,0.001174454716730616,0.0011610638734434271,0.0011478257092518125,0.0011347384833463434,0.0011218004747658742,0.0011090099821712334,0.0010963653236215007,0.0010838648363528278,0.0010715068765597946,0.001059289819179243,0.0010472120576765862,0.001035272003834546,0.0010234680875443089,0.0010117987565990544,0.0010002624764898417,0.0009888577302038237,0.0009775830180247574,0.0009664368573357972,0.000955417782424529,0.0009445243442902312,0.0009337551104533285,0.0009231086647670277,0.0009125836072310916,0.0009021785538077402,0.0008918921362396526,0.000881723001870038
30,0.0012781580625291437,0.0012634864909576585,0.0012489833297093477,0.0012346466456554497,0.0012204745278569802,0.0012064650873100144,0.0011926164566939059,0.0011789267901223934,0.0011653942628975552,0.0011520170712666033,0.0011387934321814537,0.0011257215830610663,0.001112799781556514,0.0011000263053187367,0.0010873994517689777,0.00107491753787184,0.0010625788999109565,0.0010503818932672364,0.0010383248921996464,0.0010264062896285242,0.001014624496921362,0.0010029779436810623,0.0009914650775366208,0.000980084363936205,0.0009688342859426197,0.0009577133440311097
31,0.0013731553488323493,0.0013574914413440541,0.0013420062157492622,0.0013266976337813962,0.001311563680424871,0.0012966023636498587,0.0012818117141500868,0.0012671897850836254,0.0012527346518166275,0.0012384444116700021,0.0012243171836689673,0.0012103511082954647,0.0011965443472433989,0.0011828950831766633,0.0011694015194899368,0.0011560618800721984,0.0011428744090729455,0.0011298373706710779,0.0011169490488464136,0.0011042077471538215,0.0010916117884999198,0.0010791595149223269,0.0010668492873714315,0.0010546794854946445,0.0010426485074231256,0.0010307547695609291
32,0.0014320349029443022,0.001415268435645753,0.0013986982725190463,0.0013823221152071598,0.0013661376922625584,0.001350142758832136,0.001334335096345845,0.00131871251220897,0.0013032728394980035,0.0012880139366600882,0.001272933687215968,0.0012580299994664256,0.001243300806202155,0.0012287440644170278,0.0012143577550247243,0.0012001398825786688,0.0011860884749952585,0.001172201583280324,0.0011584772812587962,0.0011449136653075343,0.0011315088540912903,0.0011182609883017521,0.001105168230399654,0.0010922287643598994,0.0010794407954196708,0.001066802549829487
33,0.0015386081878799964,0.0015204336260830871,0.0015024737483747665,0.001484726018833761,0.0014671879314939597,0.001449857009990573,0.0014327308072104726,0.0014158069049466605,0.0013990829135568197,0.0013825564716258988,0.0013662252456326824,0.0013500869296202986,0.0013341392448706208,0.0013183799395825133,0.0013028067885538794,0.0012874175928674649,0.001272210179580371,0.0012571824014172381,0.0012423321364670517,0.0012276572878835296,0.0012131557835890487,0.0011988255759820706,0.0011846646416480199,0.001170670981073581,0.001156842618364368,0.0011431776009659285
34,0.001640937269592254,0.0016211168710035418,0.0016015358771791035,0.001582191396419214,0.001563080571952138,0.0015442005815122465,0.0015255486369232254,0.0015071219836863235,0.001488917900573569,0.0014709336992259027,0.0014531667237561634,0.0014356143503568698,0.0014182739869127395,0.001401143072617888,0.0013842190775976515,0.0013674995025349786,0.001350981878301333,0.001334663765592056,0.001318542754566132,0.0013026164644903064,0.001286882543387501,0.0012713386676894776,0.001255982541893694,0.0012408118982243095,0.0012258244962972792,0.0012110181227894992
35,0.0017117277106871267,0.0016907165352188058,0.0016699632684656397,0.0016494647446406694,0.0016292178368164443,0.0016092194564480348,0.0015894665529018904,0.001569956112990485,0.0015506851605126715,0.0015316507557996848,0.0015128499952667058,0.001494280010969941,0.001475937970169135,0.0014578210748954514,0.001439926561524659,0.0014222517003555624,0.0014047937951935947,0.0013875501829395333,0.0013705182331832605,0.0013536953478025086,0.0013370789605665313,0.0013206665367446455,0.0013044555727195657,0.001288443595605497,0.00127262816287091,0.0012570068619659467
36,0.0017814606486669102,0.0017592029061800063,0.0017372232540909908,0.001715518217911408,0.0016940843665633918,0.0016729183118373027,0.0016520167078561162,0.0016313762505465262,0.0016109936771166332,0.001590865765540182,0.001570989334047226,0.0015513612406211578,0.0015319783825020357,0.001512837695696098,0.0014939361544914229,0.0014752707709796227,0.0014568385945835317,0.001438636711590782,0.001420662244693207,0.0014029123525320128,0.0013853842292486146,0.001368075104041101,0.0013509822407262255,0.0013341029373068834,0.0013174345255449848,0.0013009743705396629
37,0.001877168946770775,0.0018536366410944246,0.0018303993378532026,0.0018074533388783905,0.0017847949923617407,0.0017624206922742989,0.0017403268777925122,0.0017185100327315314,0.0016969666849856175,0.001675693405975563,0.0016546868101030407,0.001633943554211793,0.001613460337055575,0.0015932338987727688,0.0015732610203675822,0.0015535385231977533,0.0015340632684686752,0.0015148321567338642,0.0014958421274016884,0.0014770901582482827,0.0014585732649365615,0.0014402885005412815,0.0014222329550800307,0.001404403755050115,0.0013867980629712496,0.0013694130769339777
38,0.0019234992512223116,0.0018993066578299753,0.0018754183440336293,0.0018518304827912072,0.001828539295194836,0.0018055410498654203,0.0017828320623548685,0.0017604086945558095,0.001738267354118762,0.0017164044938766045,0.0016948166112763145,0.0016735002478178275,0.0016524519884999706,0.0016316684612733647,0.0016111463365001935,0.0015908823264207874,0.0015708731846268953,0.0015511157055416028,0.0015316067239057696,0.0015123431142709481,0.0014933217904986595,0.0014745397052659814,0.0014559938495773534,0.0014376812522825097,0.0014195989796004947,0.0014017441346496446
39,0.0020335030061263176,0.0020073468329731875,0.0019815270966937475,0.001956039469828877,0.0019308796805819171,0.0019060435121026936,0.0018815268017807725,0.0018573254405477833,0.00183343537218874,0.0018098525926621958,0.0017865731494291672,0.0017635931407906657,0.001740908715233773,0.0017185160707861066,0.0016964114543786093,0.0016745911612165132,0.0016530515341584178,0.0016317889631033303,0.001610799884385616,0.0015900807801777048,0.0015696281779005064,0.001549438649641384,0.0015295088115796392,0.0015098353234193616,0.0014904148878295983,0.0014712442498917009
40,0.002200615086810699,0.0021725916376396847,0.002144925049470011,0.0021176107779012506,0.0020906443364030656,0.002064021295578253,0.0020377372824352037,0.002011787979669601,0.0019861691249552895,0.0019608765102441506,0.0019359059810749183,0.0019112534358907733,0.0018869148253656428,0.0018628861517390786,0.0018391634681595972,0.0018157428780363836,0.0017926205343992562,0.0017697926392667839,0.0017472554430224348,0.001725005243798691,0.0017030383868689837,0.0016813512640473944,0.001659940313095977,0.0016388020171396514,0.001617932904088524,0.0015973295460675883
41,0.0022885993746715916,0.0022595716556286422,0.002230912113070475,0.0022026160771873864,0.00217467893739976,0.0021470961416068016,0.0021198631954448275,0.0020929756615549406,0.002066429158860005,0.0020402193618507974,0.0020143419998811915,0.0019887928564723107,0.0019635677686254756,0.0019386626261438972,0.001914073370962945,0.0018897959964889282,0.0018658265469462623,0.0018421611167329013,0.0018187958497839676,0.001795726938943429,0.001772950625343771,0.0017504631977935114,0.0017282609921725018,0.0017063403908348968,0.0016846978220196802,0.001663329759268693
42,0.002434517459121358,0.0024034368445931507,0.002372753025165277,0.0023424609350964653,0.00231255557331796,0.0022830320026078557,0.0022538853487760035,0.002225110799859292,0.0021967036053272236,0.0021686590752976317,0.002140972579762393,0.0021136395478230504,0.0020866554669361666,0.002060015882168341,0.002033716395460711,0.002007752664902861,0.0019821204040159977,0.001956815381045265,0.0019318334182611163,0.0019071703912695792,0.0018828222283313462,0.0018587849096895555,0.0018350544669061383,0.0018116269822066632,0.0017884985878335203,0.001765665465407379
43,0.0025935719371458564,0.0025605692398745733,0.00252798649549204,0.0024958183601796174,0.002464059558117716,0.002432704880620528,0.0024017491852817495,0.002371187395131203,0.0023410144978021586,0.0023112255447092778,0.0022818156502370113,0.0022527799909383087,0.0022241138047435437,0.0021958123901795025,0.0021678711055982966,0.0021402853684161015,0.002113050654361584,0.0020861624967338744,0.002059616485670008,0.0020334082674216608,0.0020075335436411084,0.001981988070676268,0.001956767658874696,0.0019318681718964608,0.0019072855260357548,0.0018830156895511254
44,0.0027426165398086763,0.0027076837596947886,0.00267319591933415,0.0026391473515172447,0.0026055324612179478,0.0025723457246741364,0.002539581688479996,0.0025072349686898784,0.002475300249933603,0.0024437722845430006,0.002412645891689585,0.0023819159565332307,0.0023515774293816566,0.0023216253248606556,0.0022920547210948635,0.0022628607588989686,0.0022340386409792387,0.0022055836311451987,0.002177491053531354,0.0021497562918288394,0.002122374788526833,0.0020953420441636554,0.0020686536165873894,0.0020423051202259216,0.002016292225366294,0.0019906106574432113
45,0.002872145569917751,0.002835758052526008,0.0027998315324582897,0.002764360169290512,0.0027293381965915542,0.0026947599209858134,0.0026606197212276778,0.0026269120472876837,0.0025936314194502895,0.002560772427423043,0.0025283297294570713,0.002496298051478676,0.002464672186231968,0.0024334469924323274,0.0024026173939306244,0.0023721783788879926,0.0023421249989610936,0.0023124523684976686,0.002283155663742314,0.002254230122052288,0.0022256710411232834,0.002197473778224979,0.0021696337494463034,0.0021421464289502357,0.0021150073482380724,0.002088212095422986
46,0.0030718524295736314,0.0030331974763990427,0.0029950289415792367,0.002957340704221639,0.0029201267204565207,0.0028833810224677733,0.002847097717535882,0.002811270987092941,0.002775895085789557,0.002740964340573496,0.0027064731497799355,0.002672415982233138,0.002638787376359456,0.002605581939311483,0.002572794346103231,0.0025404193387561914,0.0025084517254561375,0.0024768863797205412,0.002445718239576464,0.0024149423067487963,0.002384553645858708,0.002354547383632186,0.0023249187081185365,0.0022956628679187126,0.002266775171423358,0.0022382509860604393
47,0.003146643332843438,0.003106797698188911,0.0030674566248821726,0.0030286137237125585,0.002990262686375356,0.0029523972844472954,0.0029150113683750092,0.0028780988664763255,0.0028416537839541845,0.0028056702019230526,0.002770142276447655,0.0027350642375938996,0.0027004303884917993,0.0026662351044102737,0.002632472831843651,0.0025991380876097614,0.0025662254579594287,0.0025337295976972517,0.002501645229313506,0.002469967142127059,0.0024386901914391205,0.0024078092976977084,0.0023773194456727124,0.0023472156836413863,0.0023174931225841628,0.002288146935390642
48,0.0033120409680183938,0.0032706068496816424,0.003229691078243046,0.0031892871691068807,0.0031493887188006548,0.003109989403960265,0.0030710829803278212,0.003032663281762007,0.0029947242192608485,0.0029572597799966695,0.002920264026363158,0.0028837310950343273,0.0028476551960352524,0.0028120306118244527,0.0027768516963877212,0.0027421128743433235,0.002707808640058369,0.002673933556776235,0.00264048225575493,0.0026074494354162044,0.002574829860505337,0.00254261836126141,0.0025108098325979677,0.002479399233293942,0.002448381585194672,0.0024177519724229513
49,0.0035382294103705396,0.003493043348328982,0.00344843434898348,0.00340439504277493,0.0033609181542594677,0.003317996500906566,0.0032756229919124317,0.003233790627028605,0.003192492495405469,0.00315172177445058,0.0031114717287015264,0.003071735708713231,0.0030325071499594167,0.0029937795717481486,0.002955546576151178,0.002917801846947004,0.002880539148577392,0.0028437523251172584,0.0028074352992576703,0.0027715820713018744,0.0027361867181741055,0.0027012433924410908,0.002666746321346029,0.002632689805854902,0.0025990682197149922,0.002565876008525387
50,0.00389681340123734,0.003847264931356204,0.003798346476468028,0.003750050025853367,0.0037023676706500748,0.0036552916025581663,0.003608814112561179,0.003562927589663757,0.003517624519645295,0.0034728974838294543,0.0034287391578692815,0.00338514231054782,0.0033420998025939412,0.0032996045855132345,0.003257649700433785,0.0032162282769666044,0.0031753335320805526,0.0031349587689915863,0.0030950973760661103,0.003055742825738268,0.003016888673441028,0.002978528556550835,0.002940656193345681,0.0029032653819764456,0.002866349999451296,0.002829904000633
51,0.004234800730048904,0.004181286365871468,0.0041284482524448635,0.004076277844118123,0.0040247667032300306,0.003973906498744475,0.00392368900490305,0.003874106099894683,0.0038251497645420646,0.0037768120810046926,0.0037290852314982963,0.003681961497030443,0.0036354332561521277,0.0035894929837251323,0.003544133249704968,0.0034993467179391916,0.0034551261449809103,0.00341146437891728,0.0033683543582128067,0.003325789110567265,0.0032837617517880533,0.0032422654846767786,0.0032012935979299595,0.00316083946505355,0.0031208965432912472,0.003081458372566303
52,0.004594520192627899,0.0045367753708286055,0.004479756297160745,0.004423453850280904,0.0043678590234844696,0.004312962923264854,0.004258756767890785,0.0042052318860014894,0.004152379715219549,0.004100191800781152,0.004048659794183612,0.003997775451849842,0.003947530633809632,0.003897917302397498,0.0038489275209668996,0.0038005534526206015,0.0037527873589570234,0.0037056215988323154,0.0036590486271380076,0.003613060993594018,0.0035676513415568334,0.0035228124068426565,0.003478537016565371,0.003434818087989083,0.003391648627395098,0.0033490217289631357
53,0.0049136177644631025,0.004852017591488618,0.004791189676653122,0.004731124338447551,0.004671812016736261,0.004613243271235424,0.004555408780010498,0.00449829933799252,0.004441905855512996,0.004386219356857178,0.004331230978835482,0.004276931969372774,0.004223313686115396,0.00417036759505562,0.004118085269173345,0.004066458387094845,0.004015478731768327,0.0039651381891560745,0.003915428746942993,0.0038663424932613745,0.0038178716154316,0.003770008398718681,0.0037227452251043427,0.0036760745720745332,0.003629989011422132,0.0035844812080646367
54,0.00518233634501167,0.005117494282170143,0.0050534635316081804,0.004990233942081569,0.004927795489359789,0.004866138274636775,0.004805252522961611,0.0047451285816888285,0.004685756918948111,0.004627128122133131,0.004569232896409321,0.004512062063240275,0.004455606558932625,0.004399857433199108,0.004344805847739612,0.004290443074839983,0.004236760495988346,0.004183749600508779,0.0041314019842120225,0.004079709348063127,0.0040286634968657396,0.003978256337962867,0.003928479879953885,0.0038793262314276065,0.003830787599711211,0.0037828562896347977
55,0.005617125562453267,0.005549085399994003,0.005481869407059888,0.005415467600497116,0.0053498701180777,0.005285067217034664,0.005221049272615047,0.005157806776650367,0.005095330336144471,0.005033610671878417,0.004972638617032328,0.0049124051158238695,0.004852901222163288,0.004794118098324671,0.004736047013633372,0.004678679343169266,0.00462200656648578,0.004566020266344377,0.004510712127464412,0.0044560739352881296,0.004402097574760579,0.004348775029124372,0.004296098378728973,0.004244059799854475,0.0041926515635495685,0.004141866034483633
56,0.006142313913695092,0.006068525046545332,0.0059956226200744015,0.0059235959852900165,0.005852434621128405,0.0057821281329174645,0.005712666250858416,0.005644038828525662,0.005576235841384676,0.005509247385327708,0.00544306367522707,0.005377675043505804,0.005313071938725523,0.005249244924191208,0.005186184676572785,0.005123881984543242,0.0050623277474331,0.00500151297390109,0.004941428780620747,0.004882066390982821,0.0048234171338132495,0.004765472442106552,0.004708223851774426,0.004651663000409388,0.004595781626063254,0.004540571566040307
57,0.006624131933787191,0.006545215375331033,0.006467238988849234,0.006390191573608265,0.006314062062314491,0.00623883951952441,0.006164513140073865,0.006091072247525963,0.006018506292637485,0.005946804851843546,0.00587595762576036,0.005805954437705785,0.005736785232237524,0.005668440073708735,0.005600909144840856,0.0055341827453134,0.00546825129037061,0.0054031053094446575,0.005338735444795271,0.005275132450165566,0.00521228718945388,0.0051501906354014535,0.005088833868295723,0.005028208074689068,0.004968304546132827,0.004909114677926399
58,0.0073074344500232615,0.007221882369676326,0.007137331893723072,0.007053771295840111,0.006971188986990429,0.006889573513816149,0.006808913557050031,0.006729197929945606,0.006650415576725686,0.006572555571049043,0.006495607114495006,0.006419559535065862,0.006344402285706732,0.006270124942842803,0.006196717204933679,0.006124168891044659,0.006052469939434747,0.005981610406161166,0.005911580463700261,0.005842370399584496,0.005773970615055437,0.005706371623732498,0.005639564050297276,0.005573538629193267,0.0055082862033408566,0.005443797722867298
59,0.007957650768157,0.007863430491487605,0.007770325802922569,0.007678323493661608,0.00758741051129942,0.007497573957973962,0.00740880108853662,0.0073210793087440515,0.007234396173471422,0.007148739384946841,0.007064096791006634,0.006980456383371331,0.006897806295942046,0.006816134803117026,0.006735430318128126,0.0066556813913970225,0.006576876708910811,0.006499005090616911,0.006422055488836944,0.006346016986699383,0.006270878796590799,0.006196630258625383,0.006123260839132644,0.00605076012916299,0.005979117843011003,0.0059083238167562
60,0.008669167458549504,0.008567540404055374,0.008467104704815886,0.008367846394792678,0.00826975167166866,0.008172806894928795,0.008076998583963263,0.00798231341619298,0.007888738225216978,0.007796259998981609,0.00770486587797111,0.00761454315341948,0.007525279265543217,0.007437061801794868,0.007349878495136991,0.007263717222336346,0.007178566002278148,0.0070944129942999935,0.007011246496545409,0.006929054944336604,0.006847826908566405,0.006767551094108931,0.006688216338249003,0.006609811609129896,0.006532326004219293,0.0064557487487932825
61,0.009389827028569412,0.00927995491279368,0.009171368431118364,0.009064052540099309,0.008957992372318462,0.008853173234324229,0.008749580604595832,0.008647200131531484,0.008546017631460193,0.008446019086676741,0.008347190643499673,0.008249518610352068,0.008152989455864668,0.008057589807001313,0.007963306447206229,0.007870126314573001,0.007778036500035042,0.007687024245577153,0.007597076942468028,0.0075081821295135045,0.0074203274913301484,0.007333500856639141,0.007247690196580065,0.007162883623044421,0.007079069387028701,0.006996235877006677
62,0.010192017377767402,0.010073430782458566,0.009956223970961476,0.009840380889156689,0.009725885669718305,0.009612722629940638,0.009500876269590088,0.009390331268782007,0.009281072485882358,0.009173084955433654,0.009066353886105175,0.008960864658666884,0.008856602823987064,0.008753554101053145,0.008651704375015586,0.008551039695254573,0.008451546273469106,0.008353210481788442,0.008256018850905416,0.008159958068231499,0.00806501497607339,0.00797117656983071,0.007878429996214797,0.007786762551488086,0.007696161679724111,0.0076066149710876324
63,0.01104415536099473,0.010915819548755017,0.010788975030341312,0.010663604476551127,0.010539690759551598,0.010417216950539503,0.010296166317428489,0.010176522322563204,0.010058268620459903,0.009941389055573414,0.009825867660089974,0.009711688651745789,0.00959883643167084,0.009487295582257834,0.009377050865055879,0.009268087218688667,0.00916038975679678,0.00905394376600397,0.008948734703907061,0.008844748197089204,0.008741970039156185,0.008640386188795608,0.008539982767858579,0.00844074605946375,0.008342662506123298,0.00824571870789076
64,0.011920268022211048,0.011781178154493602,0.011643711236131464,0.011507848329982374,0.01137357071986931,0.01124085990800216,0.011109697612429517,0.010980065764520201,0.01085194650647413,0.010725322188862326,0.010600175368195523,0.010476488804521213,0.010354245459048703,0.01023342849180186,0.010114021259299326,0.00999600731226171,0.009879370393345585,0.009764094434903905,0.009650163556772574,0.009537562064082792,0.009426274445099025,0.009316285369082094,0.009207579684177269,0.009100142415326957,0.008993958762207807,0.008889014097191826
65,0.012619773279358915,0.012471313831043171,0.012324600864800148,0.012179613834954481,0.012036332437530833,0.01189473660741054,0.01175480651552168,0.011616522566062224,0.011479865393755829,0.011344815861139923,0.011211355055885735,0.011079464288149748,0.010949125087956426,0.010820319202611657,0.010693028594146654,0.010567235436791918,0.010442922114480916,0.010320071218383131,0.010198665544466128,0.010078688091086304,0.009960122056607977,0.00984295083705049,0.009727158023762979,0.009612727401126526,0.009499642944283305,0.009387888816892476
66,0.013468837014931002,0.013310556206234907,0.013154135455268634,0.012999552903319285,0.012846786948549451,0.012695816242978596,0.012546619689499775,0.012399176438931443,0.012253465887103989,0.012109467671980371,0.011967161670810746,0.011826527997320363,0.011687546998930681,0.011550199254013016,0.011414465569174472,0.011280326976575881,0.011147764731281082,0.011016760308637533,0.010887295401687576,0.010759351918610143,0.010632911980192623,0.01050795791733228,0.01038447226856719,0.010262437777636095,0.010141837391066933,0.010022654255793796
67,0.014486385346798598,0.014314826767799533,0.014145299913438715,0.013977780722517744,0.013812245418788881,0.013648670507580448,0.013487032772462186,0.013327309271950118,0.013169477336250431,0.013013514564041918,0.012859398819296524,0.012707108228137544,0.012556621175735038,0.012407916303238,0.012260972504742867,0.012115768924297927,0.011972284952943203,0.011830500225785388,0.011690394619107435,0.011551948247512357,0.011415141461100873,0.01127995484268246,0.011146369205019449,0.011014365588103746,0.010883925256465816,0.010755029696515527
68,0.015372856756827678,0.015191869687962349,0.015013013408423611,0.014836262832092398,0.014661593168192521,0.014488979917813503,0.014318398870474399,0.014149826100728097,0.013983237964805507,0.013818611097299406,0.013655922407887183,0.01349514907809224,0.013336268558083519,0.013179258563512642,0.01302409707238842,0.012870762321988033,0.012719232805804625,0.012569487270530855,0.01242150471307789,0.012275264377629611,0.012130745752731383,0.011987928568413167,0.01184679279334649,0.011707318632034839,0.011569486522037238,0.011433277131224405
69,0.01640023311757324,0.01620775211272952,0.016017530157312707,0.01582954073803484,0.015643757652780584,0.015460155006955242,0.015278707209875453,0.015099388971202452,0.01492217529741697,0.014747041488335727,0.014573963133668585,0.014402916109616345,0.014233876575508234,0.014066820970479083,0.013901726010185286,0.013738568683559523,0.013577326249603346,0.013417976234217624,0.013260496427069996,0.013104864878499259,0.01295105989645592,0.012799060043478824,0.012648844133707142,0.012500391229927441,0.012353680640655517,0.012208691917252308
70,0.0178202296365949,0.017610946334348652,0.017404120884862585,0.01719972442276555,0.01699772842168542,0.01679810469026785,0.016600825368241732,0.016405862922530916,0.016213190143411646,0.016022780140714964,0.01583460634007392,0.015648642479214662,0.015464862604291188,0.015283241066263198,0.015103752517316306,0.014926371907324456,0.014751074480353857,0.01457783577120788,0.014406631602012625,0.014237438078842613,0.014070231588385973,0.013904988794648913,0.013741686635698898,0.013580302320445945,0.013420813325461918,0.013263197391836967
71,0.019133227458081065,0.01890813454690704,0.01868568974195408,0.018465861889568693,0.018248620202604645,0.018033934256111155,0.01782177398307188,0.017612109670193977,0.017404911953746733,0.017200151815449115,0.016997800578405758,0.01679782990309071,0.01660021178337846,0.01640491854262164,0.016211922829774884,0.016021197615564284,0.015832716188701898,0.015646452152144812,0.015462379419398207,0.015280472210861904,0.015100705050219909,0.014923052760872422,0.014747490462409826,0.014573993567128159,0.014402537776585574,0.014233099078199314
72,0.02077652754483986,0.020530015068081876,0.020286427449727983,0.02004572998647717,0.01980788838678138,0.019572868765960098,0.019340637641372865,0.0191111619276491,0.01888440893197453,0.0186603463494335,0.018438942258406598,0.01822016511602285,0.0180039837536659,0.01779036737253348,0.01757928553924961,0.017370708181528804,0.01716460558389177,0.016960948383431918,0.016759707565632095,0.016560854460230964,0.01636436073713844,0.01617019840239954,0.015978339794206202,0.015788757578956345,0.015601424747359729,0.015416314610590018
73,0.022089647207019114,0.02182744413914415,0.021568353409287026,0.021312338074142626,0.02105936162892113,0.020809388002142847,0.020562381550494828,0.02031830705374858,0.02007712970973806,0.019838815129397263,0.0196033293318568,0.0193706387395986,0.019140710173668106,0.018913510848943417,0.018689008369460466,0.01846717072379375,0.018247966280491877,0.018031363783567282,0.017817332348039477,0.01760584145553128,0.01739686094991714,0.017190361033023363,0.016986312260379107,0.016784685537018017,0.016585452113329652,0.016388583580960042
74,0.024112012395332238,0.023823518347510873,0.023538476057023736,0.023256844224479083,0.022978582044621804,0.022703649200421235,0.022432005857229615,0.02216361265701057,0.021898430712636512,0.02163642160225437,0.021377547363718722,0.021121770489091456,0.02086905391920733,0.020619361038304543,0.020372655668719465,0.020128902065644945,0.019888064911951307,0.01965010931306925,0.01941500079193408,0.019182705283990322,0.018953189132256177,0.01872641908244703,0.018502362278157228,0.0182809862560996,0.018062258941401895,0.01784614864295948
75,0.026745464758817505,0.026430678582809217,0.026119597346591635,0.025812177444123913,0.025508375782595318,0.025208149776384747,0.02491145734109116,0.024618256887634464,0.024328507316425635,0.024042168011605657,0.02375919883535206,0.02347956012225267,0.02320321267374539,0.022930117752623592,0.022660237077606026,0.022393532817970782,0.022129967588252315,0.02186950444300087,0.021612106871603698,0.021357738793167082,0.02110636455145875,0.020857948909909642,0.020612457046674706,0.02036985454975161,0.020130107412157105,0.01989318202716001
76,0.029668348648933786,0.029321793249431734,0.028979285956763846,0.02864077948507348,0.028306227100849138,0.027975582616472584,0.02764880038384223,0.027325835288071074,0.027006642741258236,0.026691178676333197,0.02637939954097206,0.026071262291584765,0.02576672438737257,0.025465743784454986,0.02516827893006526,0.024874288756813696,0.024583732677017973,0.024296570577099698,0.024012762812046378,0.02373227019993816,0.023455054016538423,0.023181075989947588,0.022910298295319407,0.02264268354963888,0.02237819480656131,0.022116795551311515
77,0.03229093627844388,0.031919201816466854,0.03155174677547131,0.031188521890603407,0.030829478464148116,0.030474568359000354,0.030123743992211172,0.029776958328608303,0.02943416487449014,0.029095317671392295,0.02876037128992595,0.02842928082368707,0.028102001883235854,0.027778490590145366,0.027458703571118768,0.027142597952174226,0.02683013135289678,0.026521261880756406,0.0262159481254914,0.02591414915355659,0.025615824502635262,0.02532093417621442,0.025029438638222413,0.02474129880772832,0.02445647605370236,0.024174932189836573
78,0.03611315815683768,0.03569911836364755,0.03528982556460288,0.034885225335095756,0.03448526387449999,0.03408988799901728,0.03369904513460512,0.03331268330998593,0.03293075114973638,0.032553197867455766,0.03217997325901297,0.03181102769587054,0.03144631211848562,0.031085778029786296,0.030729377488722835,0.030377063103892907,0.030028788027239767,0.029684505947822824,0.029344171085659558,0.029007738185637982,0.028675162511499087,0.028346399839888025,0.028021406454473735,0.027700139140135846,0.027382555177218205,0.02706861233584846
79,0.03969642330596326,0.03924699318289017,0.038802651362961384,0.03836334023804706,0.03792900285223804,0.03749958289446163,0.03707502469118099,0.03665527319917712,0.03624027399841262,0.035829973284976245,0.035424317864107296,0.03502325514329905,0.034626733125480154,0.034234700402273444,0.03384710614733076,0.033463900109743545,0.03308503260752783,0.0327104545211831,0.03234011728732395,0.03197397289238405,0.03161197386639117,0.03125407327681283,0.03090022472247158,0.03055038232752915,0.03020450073553875,0.029862535103564666
80,0.04513482260216082,0.044668513163367236,0.04420702139040621,0.04375029750966788,0.04329829226177733,0.0428509568962819,0.04240824316639308,0.041970103323783065,0.041536490113434826,0.04110735676854552,0.04068265700548254,0.0402623450187916,0.03984637547625644,0.039434703514009684,0.039027284731693965,0.038624075187673246,0.038225031394293583,0.03783011031319274,0.037439269350658444,0.03705246635303437,0.0366696596021738,0.03629080781094017,0.035915870118754044,0.03554480608718615,0.03517757569559604,0.034814139336815576
81,0.050362768603207236,0.04985667455635876,0.04935566623436935,0.048859692530932725,0.04836870285330851,0.04788264711716132,0.04740147574145188,0.046925139643379375,0.046453590233374635,0.04598677941014376,0.045524659555761376,0.045067183530813335,0.044614304669588066,0.044165976775316494,0.043722154115459544,0.04328279141704315,0.04284784386204009,0.04241726708279826,0.04199101715751479,0.04156905060575582,0.04115132438402114,0.04073779588135346,0.0403284229149918,0.03992316372606855,0.039521976975349815,0.03912482173901848
82,0.05579476399830884,0.05524597933640312,0.05470259239613941,0.05416455008675012,0.053631799839656435,0.05310428960333226,0.05258196783821839,0.05206478351168718,0.05155268609305628,0.05104562554865166,0.050543552336919276,0.05004641740358449,0.04955417217685943,0.04906676856269738,0.048584158940093686,0.04810629615643319,0.04763313352288312,0.04716462480983154,0.04670072424237046,0.04624138649582354,0.045786566691317664,0.045336220391398216,0.04489030359568722,0.04444877273658457,0.0440115846750111,0.043578696696193894
83,0.06088745235480519,0.060300615716634226,0.05971943504248511,0.05914385581986328,0.05857382406166873,0.05800928630113203,0.05745018958679945,0.05689648147756632,0.05634811003775823,0.05580502383225967,0.055267171921689645,0.05473450385762371,0.05420696967786213,0.053684519901743666,0.053167105525504375,0.052654678017681325,0.05214718931456051,0.051644591815668675,0.051146838379308515,0.050653882318137104,0.05016567739478664,0.049682177817527644,0.04920333823597388,0.04872911373682864,0.048259459839672045,0.04779433249278898
84,0.0685405873328706,0.06790021408551983,0.0672658238317774,0.06663736067266146,0.06601476923145316,0.06539799464881717,0.06478698257796779,0.06418167917988016,0.06358203111854621,0.06298798555627522,0.06239949014903774,0.06181649304185354,0.06123894286422231,0.06066678872559733,0.0600999802109011,0.05953846737608308,0.05898220074371906,0.05843113129865122,0.05788521048366935,0.05734439019523229,0.056808622779229156,0.056277861026780424,0.05575205817007818,0.055231167878265076,0.054715144253352006,0.05420394182617378
85,0.0769280206256547,0.07623729928993438,0.07555277980315982,0.07487440648016783,0.07420212413578105,0.07353587808031889,0.07287561411514851,0.07222127852827563,0.07157281808997543,0.07093018004846197,0.07029331212559724,0.06966216251263803,0.0690366798660216,0.06841681330318881,0.06780251239844477,0.06719372717885692,0.06659040812018963,0.06599250614287554,0.06539997260802284,0.0648127593134587,0.06423081848980801,0.06365410279660719,0.06308256531845338,0.06251615956118764,0.061954839448112906,0.061398559316245466
86,0.08620269100518674,0.0854647536606864,0.08473313342204508,0.08400777621173605,0.08328862841516281,0.08257563687669607,0.08186874889574496,0.08116791222286135,0.08047307505587813,0.07978418603608017,0.07910119424440815,0.07842404919769483,0.07775270084493369,0.07708709956357943,0.07642719615588008,0.07577294184524047,0.07512428827261722,0.07448118749294395,0.07384359197158757,0.0732114545808349,0.07258472859640902,0.07196336769401575,0.07134732594591968,0.07073655781754928,0.07013101816413135,0.06953066222735403
87,0.0961462432804759,0.09536292086478142,0.09458598033137373,0.0938153696857985,0.09305103735721058,0.09229293219492257,0.09154100346498197,0.09079520084677559,0.09005547442966241,0.0893217747096331,0.08859405258599738,0.08787225935809787,0.08715634672205116,0.086446266767515,0.0857419719744823,0.08504341521010066,0.08435054972551849,0.08366332915275622,0.08298170750160343,0.08230563915654092,0.08163507887368826,0.0809699817777757,0.08031030335914131,0.07965599947075201,0.07900702632524946,0.07836334049201941
88,0.10858136795024384,0.10775113295752291,0.10692724610865155,0.10610965886444437,0.10529832305685616,0.10449319088614437,0.10369421491805286,0.10290134808101736,0.10211454366339236,0.10133375531069885,0.10055893702289356,0.09979004315165882,0.09902702839771312,0.09826984780814248,0.09751845677375187,0.09677281102643716,0.09603286663657701,0.09529858001044494,0.09456990788764075,0.093846807338542,0.09312923576177479,0.09241715088170384,0.09171051074594205,0.09100927372287856,0.09031339849922623,0.08962284407758764
89,0.11564177335280283,0.1148105645153292,0.1139853302328235,0.11316602756143657,0.11235261386599034,0.11154504681775969,0.11074328439226948,0.10994728486710752,0.10915700681975382,0.10837240912542456,0.1075934509549324,0.10682009177256166,0.10605229133395871,0.10529000968403814,0.1045332071549031,0.10378184436378139,0.10303588221097601,0.10229528187783016,0.10156000482470766,0.10083001278898693,0.10010526778307029,0.09938573209240681,0.09867136827352994,0.09796213915210894,0.09725800782101424,0.09655893763839715
90,0.12564905713699964,0.12481370511041973,0.12398390675072926,0.12315962513551122,0.12234082358781963,0.12152746567454767,0.12071951520480666,0.11991693622831565,0.11911969303380167,0.11832775014741083,0.11754107233113,0.11675962458121873,0.11598337212665169,0.11521228042757174,0.1144463151737527,0.11368544228307313,0.11292962789999939,0.1121788383940796,0.11143304035844691,0.11069220060833332,0.10995628617959279,0.10922526432723485,0.10849910252396722,0.10777776845874881,0.10706123003535173,0.10634945537093343
91,0.14240089133015235,0.14158646733432378,0.14077670121976826,0.1399715663469735,0.13917103622878496,0.1383750845295343,0.137583685064173,0.136796811797411,0.13601443884286013,0.1352365404621825,0.13446309106424384,0.13369406520427152,0.13292943758301748,0.13216918304592615,0.13141327658230656,0.1306616933245098,0.12991440854711078,0.1291713976660951,0.12843263623804987,0.12769809995935993,0.12696776466540804,0.12624160632978026,0.12551960106347515,0.12480172511411816,0.12408795486518005,0.12337826683520003
92,0.16106251865354754,0.16027490772563138,0.15949114828953945,0.15871122151111286,0.15793510864829371,0.15716279105067443,0.15639425015904979,0.15562946750497075,0.1548684247103008,0.15411110348677412,0.15335748563555643,0.15260755304680734,0.15186128769924534,0.1511186716597146,0.15037968708275426,0.14964431621016933,0.14891254137060417,0.1481843449791176,0.1474597095367606,0.1467386176301556,0.14602105193107812,0.14530699519604023,0.14459643026587649,0.14388934006533122,0.1431857076026484,0.14248551596916328
93,0.18126483011479094,0.180557431716137,0.1798527939881222,0.1791509061570406,0.17845175749123132,0.17775533730091456,0.17706163493802796,0.17637063979606413,0.17568234130990826,0.17499672895567656,0.17431379225055543,0.17363352075264127,0.17295590406078062,0.1722809318144112,0.17160859369340364,0.17093887941790353,0.17027177874817434,0.16960728148444068,0.1689453774667326,0.16828605657473017,0.16762930872760853,0.16697512388388408,0.1663234920412607,0.16567440323647706,0.16502784754515393,0.16438381508164276
94,0.202621956867189,0.20203561539633386,0.20145097066321513,0.20086801775786295,0.20028675178451588,0.19970716786157947,0.1991292611215857,0.19855302671115177,0.19797845979093953,0.19740555553561467,0.19683430913380642,0.19626471578806687,0.19569677071483094,0.19513046914437607,0.19456580632078205,0.19400277750189138,0.19344137795926925,0.19288160297816376,0.1923234478574665,0.19176690790967302,0.1912119784608433,0.1906586548505628,0.19010693243190305,0.18955680657138266,0.18900827264892864,0.1884613260578373
95,0.22501250687537036,0.22455295423548985,0.22409434015956628,0.22363666273073046,0.22317992003602813,0.22272411016641191,0.2222692312167333,0.2218152812857348,0.22136225847604196,0.22091016089415547,0.22045898665044297,0.2200087338591316,0.21955940063829982,0.21911098510986968,0.2186634853995987,0.21821689963707253,0.21777122595569662,0.21732646249268883,0.21688260738907125,0.21643965878966281,0.21599761484307137,0.21555647370168574,0.21511623352166848,0.21467689246294766,0.21423844868920963,0.2138009003678909
96,0.25317254776173587,0.25290537776265953,0.25263848970492736,0.25237188329100985,0.25210555822369174,0.2518395142060712,0.2515737509415598,0.2513082681338822,0.2510430654870755,0.2507781427054893,0.25051349949378515,0.25024913555693623,0.24998505060022713,0.24972124432925333,0.24945771644992112,0.24919446666844708,0.24893149469135778,0.2486688002254896,0.2484063829779882,0.2481442426563083,0.24788237896821336,0.24762079162177522,0.2473594803253738,0.2470984447876967,0.24683768471773915,0.2465771998248032
97,0.27478755740726174,0.2748381241181536,0.27488870013438765,0.27493928545767626,0.2749898800897322,0.27504048403226833,0.27509109728699804,0.275141719855635,0.27519235173989315,0.2752429929414868,0.2752936434621304,0.27534430330353904,0.27539497246742783,0.2754456509555123,0.2754963387695084,0.27554703591113217,0.2755977423821001,0.2756484581841291,0.2756991833189361,0.27574991778823865,0.27580066159375455,0.2758514147372017,0.2759021772202986,0.275952949044764,0.27600373021231667,0.2760545207246761
98,0.30605731943373665,0.30655243854447145,0.3070483586258684,0.30754508097368444,0.3080426068857727,0.3085409376620858,0.30904007460467925,0.30954001901771533,0.3100407722074657,0.3105423354823153,0.31104471015276586,0.311547897531439,0.31205189893307994,0.3125567156745606,0.3130623490748834,0.3135688004551846,0.3140760711387376,0.31458416245095655,0.31509307571939965,0.3156028122737729,0.31611337344593343,0.3166247605698928,0.3171369749818207,0.3176500180200484,0.3181638910250723,0.3186785953395573
99,0.33257576946413103,0.33348200159995056,0.3343907031179663,0.3353018807469712,0.3362155412340935,0.33713169134484633,0.3380503378631787,0.3389714875915244,0.3398951473508538,0.340821323980723,0.3417500243393258,0.3426812553035431,0.3436150237689952,0.34455133665009174,0.34549020088008364,0.346431623411114,0.34737561121426985,0.34832217127963355,0.3492713106163346,0.350223036252602,0.3511773552358153,0.3521342746325579,0.3530938015286686,0.35405594302929433,0.35502070625894283,0.35598809836153533
100,0.36756626176111823,0.3677836520176804,0.36800117084568285,0.36821881832116665,0.36843659452021804,0.36865449951896817,0.3688725333935933,0.3690906962203146,0.3693089880753984,0.3695274090351562,0.3697459591759445,0.369964638574165,0.37018344730626473,0.3704023854487357,0.3706214530781154,0.37084065027098634,0.37105997710397653,0.37127943365375915,0.37149901999705287,0.3717187362106216,0.37193858237127475,0.37215855855586705,0.37237866484129883,0.3725989013045158,0.37281926802250914,0.3730397650723157
